Renda - desigualdade - coeficiente de Gini,,,,,,,,,,,,,,,,,,,,,,,,,,,,,,,,,,,,
Sigla,Código,Brasil,1976,1977,1978,1979,1981,1982,1983,1984,1985,1986,1987,1988,1989,1990,1992,1993,1995,1996,1997,1998,1999,2001,2002,2003,2004,2005,2006,2007,2008,2009,2011,2012,2013,2014
BR,0,Brasil,0.622740048,0.62464768,0.603906785,0.593120828,0.584201044,0.591455991,0.59597137,0.589383325,0.597667918,0.588044931,0.600557448,0.616371706,0.635569535,0.613884134,0.582522413,0.60443689,0.600506647,0.60205408,0.60209184,0.600154968,0.593973925,0.595782271,0.58928653,0.583019478,0.572459238,0.569526414,0.562974276,0.555952195,0.546182206,0.542581475,0.531389367,0.529710654,0.527496734,0.517949507